Rank,Model,Accuracy,Precision,Recall,F1_Score,Cohen_Kappa
1,Proposed CNN (MSAF-DenseNet201),0.9150326797385621,0.9178321517251627,0.9150326797385621,0.9153291462090622,0.8876509214149545
2,DenseNet201,0.9063,0.9073,0.9063,0.9066,0.876
3,VGG19,0.8932,0.8947,0.8932,0.8932,0.8585
4,ResNet50,0.8932,0.8968,0.8932,0.893,0.8583
5,EfficientNetB1,0.8824,0.8872,0.8824,0.8824,0.8446
6,EfficientNetB0,0.8791,0.8798,0.8791,0.8792,0.8401
7,DenseNet169,0.8791,0.8835,0.8791,0.8802,0.84
8,VGG16,0.878,0.8824,0.878,0.8772,0.8381
9,ResNet152,0.8715,0.8761,0.8715,0.871,0.8294
10,DenseNet121,0.8693,0.8721,0.8693,0.8694,0.827
11,MobileNetV3Large,0.8693,0.8726,0.8693,0.8692,0.8266
12,ResNet101,0.8693,0.8781,0.8693,0.868,0.8262
13,Xception,0.8649,0.8665,0.8649,0.8652,0.8208
14,MobileNetV2,0.8606,0.8637,0.8606,0.8601,0.8161
15,MobileNet,0.8584,0.8594,0.8584,0.8572,0.8124
16,InceptionV4,0.8562,0.8573,0.8562,0.8551,0.8103
17,Inception-ResNetV1,0.8562,0.8559,0.8562,0.8556,0.8097
18,ResNet34,0.854,0.8574,0.854,0.8554,0.8066
19,SqueezeNet,0.8529,0.8598,0.8529,0.8537,0.8047
20,InceptionV1,0.8366,0.8402,0.8366,0.8366,0.7833
21,ResNet18,0.8257,0.8261,0.8257,0.8248,0.7694
22,MobileNetV3Small,0.8203,0.821,0.8203,0.82,0.7621
23,InceptionV2,0.8203,0.8216,0.8203,0.8205,0.762
24,InceptionV3,0.7952,0.796,0.7952,0.7913,0.7286
25,ZFNet,0.7941,0.7978,0.7941,0.7935,0.7282
26,InceptionResNetV2,0.793,0.7958,0.793,0.7934,0.7248
27,VGG13,0.7876,0.7915,0.7876,0.7888,0.7197
28,AlexNet,0.7843,0.7863,0.7843,0.7824,0.715
29,VGG11,0.7778,0.7775,0.7778,0.7773,0.7074
30,LeNet-5,0.6536,0.6603,0.6536,0.6556,0.5385
